topic_no,topics
topic_0,Fusion Racing – Stade Français : le rugby saccagé – Nice rugby
topic_1,"Racing-Montpellier, ça sent le rance"
topic_2,"Lettre à Franck Azema, entraîneur de Clermont"
topic_3,"Lettre à Richard Cockerill, entraîneur de Toulon"
topic_4,"Toulon-Clermont, le Bouclier s’en va t’en guerre"
topic_5,Tournée chez les Boks : piège presque parfait
topic_6,"Springboks « gazellisés », quinze de France vaporisé"
topic_7,Créons l’Altrad Rugby Union
topic_8,Les Blacks concassent tranquillement le Quinze de France – Nice rugby
topic_9,Et si Yannick Noah manageait le quinze de France ?
topic_10,France-Irlande : Buffles cherchent gazelles
topic_11,France-Springboks : ces petites choses qui tuent les Bleus
topic_12,Mettre au pot commun… ou pourquoi les femmes sont l’avenir du rugby
topic_13,Gordon Brown appelle à une réunion internationale sur le Yémen
topic_14,L'abandon des poursuites contre Blackwater indigne l'Irak
topic_15,Au moins 93 morts dans un attentat au Pakistan
topic_16,Le texte sur le transfert des monuments censuré
topic_17,"A New York, les galeries dépriment et guettent la reprise"
topic_18,"Le mimétisme, art guerrier animal"
topic_19,Des neurochimistes identifient une molécule de la panique
topic_20,Un chêne survit depuis 13 000 ans sur une colline de Californie
topic_21,Pleins feux sur les Jeux d'hiver de 2010
topic_22,Ke Khu We Meyo Ooske-Uskwinisse !
topic_23,"En Suède, la taxe carbone est passée à 109 euros la tonne"
topic_24,"En un an, plus de la moitié des universités sont passées à l'autonomie"
topic_25,L'Arctique est souillé par une multitude de pollutions
topic_26,"Sous haute surveillance policière, la nuit du réveillon s'est passée dans le calme"
topic_27,1er janvier 2010 : augmentations et revalorisations
topic_28,"Après la fermeture de son unique centrale nucléaire, la Lituanie prévoit une hausse des tarifs de l'électricité"
topic_29,au cœur des programmes du FN pour les transports – L'interconnexion n'est plus assurée
topic_30,"Non, les frais de port ne sont jamais « gratuits »! – L'interconnexion n'est plus assurée"
topic_31,Les 12 événements de l’année 2015 dans les transports
topic_32,Grève du RER D : réponses aux questions que vous vous posez
topic_33,"Grève SNCF : la sérénité des grandes lignes, le stress de la banlieue"
topic_34,Dessine-moi une «zone de rencontre»
topic_35,5€ pour échanger un billet SNCF. Sauf (multiples) exceptions.
topic_36,Le « stationnement intelligent » était une idée stupide
topic_37,"Le vélo, remède à la crise du carburant. Ou pas."
topic_38,A quoi servira l’augmentation de 3 euros du passe Navigo ?
topic_39,"Grèves, inondations : 20 euros remboursés sur le passe Navigo"
